{
  "students": [
    {
      "name": "sadsa",
      "roll": 12,
      "score": 21321,
      "dob": "1231-02-23",
      "id": "1b95e536-359c-4a45-8b84-19fc5af5831b"
    },
    {
      "name": "sadsad",
      "roll": 12,
      "score": 2312,
      "dob": "1202-02-23",
      "id": "01b418a5-69a3-4e3e-bb59-3bff61671f99"
    },
    {
      "name": "Adam",
      "roll": 21,
      "score": 234,
      "dob": "2000-02-21",
      "id": "316b06dc-d3e9-4177-890c-2dfb72e0fae3"
    },
    {
      "name": "dewdw",
      "roll": 2121,
      "score": 231,
      "dob": "3222-02-12",
      "id": "81662a1f-6321-44b7-8263-f2af783fe9e5"
    }
  ],
  "teachers": [
    {
      "username": "Roxxane",
      "password": "helu123"
    },
    {
      "username": "Roxx",
      "password": "helu123"
    },
    {
      "username": "Roxx",
      "password": "helu123"
    },
    {
      "username": "Roxx",
      "password": "helu123"
    }
  ]
}